ID,Tenant Code,Trade Name,Document Type,GL Account,Doc. No.,Ref. No.,Posting Date,Due Date,Bank Code,Bank Name,Debit,Credit
245713,ATT-LT000008,MFI-MARCELA CHICKEN,Invoice,A/R  Non Trade External,IC0038553,GL0038311,2022-01-31,2022-02-08,,,29412.00,0
245707,ATT-LT000008,MFI-MARCELA CHICKEN,Invoice,Rent Receivables,IC0038552,GL0038310,2022-01-31,2022-02-08,,,19260.00,0
245710,ATT-LT000008,MFI-MARCELA CHICKEN,Invoice,Creditable WHT Receivable,IC0038552,GL0038310,2022-01-31,2022-02-08,,,900.00,0
245709,ATT-LT000008,MFI-MARCELA CHICKEN,Invoice,VAT Output,IC0038552,GL0038310,2022-01-31,2022-02-08,,,0,-2160.00
245708,ATT-LT000008,MFI-MARCELA CHICKEN,Invoice,Rent Income,IC0038552,GL0038310,2022-01-31,2022-02-08,,,0,-18000.00
245714,ATT-LT000008,MFI-MARCELA CHICKEN,Invoice,MI-Light and Power,IC0038553,GL0038311,2022-01-31,2022-02-08,,,0,-29412.00
249458,ATT-LT000003,POTATO CORNER,Payment,Cash in Bank (Peso),PR002501,GL0038317,2022-02-24,,B-0001,PNB - ATT,13375.00,0
249460,ATT-LT000003,POTATO CORNER,Payment,Cash in Bank (Peso),PR002501,GL0038318,2022-02-24,,B-0001,PNB - ATT,1625.00,0
249461,ATT-LT000003,POTATO CORNER,Payment,A/R  Non Trade External,PR002501,GL0038318,2022-02-24,,B-0001,PNB - ATT,0,-1625.00
249459,ATT-LT000003,POTATO CORNER,Payment,Rent Receivables,PR002501,GL0038317,2022-02-24,,B-0001,PNB - ATT,0,-13375.00
245732,ATT-LT000003,POTATO CORNER,Invoice,Rent Receivables,IC0038556,GL0038315,2022-02-28,2022-03-08,,,26750.00,0
245567,ATT-LT000005,Thirsty Fruit Juices and Drinks,Invoice,Rent Receivables,IC0038543,GL0038297,2022-02-28,2022-03-08,,,21400.00,0
245740,ATT-LT000003,POTATO CORNER,Invoice,A/R  Non Trade External,IC0038557,GL0038316,2022-02-28,2022-03-08,,,7863.84,0
245735,ATT-LT000003,POTATO CORNER,Invoice,Creditable WHT Receivable,IC0038556,GL0038315,2022-02-28,2022-03-08,,,1250.00,0
245571,ATT-LT000005,Thirsty Fruit Juices and Drinks,Invoice,A/R  Non Trade External,IC0038544,GL0038298,2022-02-28,2022-03-08,,,1241.52,0
245570,ATT-LT000005,Thirsty Fruit Juices and Drinks,Invoice,Creditable WHT Receivable,IC0038543,GL0038297,2022-02-28,2022-03-08,,,1000.00,0
245742,ATT-LT000003,POTATO CORNER,Invoice,MI-Water,IC0038557,GL0038316,2022-02-28,2022-03-08,,,0,-16.00
245573,ATT-LT000005,Thirsty Fruit Juices and Drinks,Invoice,MI-Water,IC0038544,GL0038298,2022-02-28,2022-03-08,,,0,-32.00
245572,ATT-LT000005,Thirsty Fruit Juices and Drinks,Invoice,MI-Light and Power,IC0038544,GL0038298,2022-02-28,2022-03-08,,,0,-1209.52
245569,ATT-LT000005,Thirsty Fruit Juices and Drinks,Invoice,VAT Output,IC0038543,GL0038297,2022-02-28,2022-03-08,,,0,-2400.00
245734,ATT-LT000003,POTATO CORNER,Invoice,VAT Output,IC0038556,GL0038315,2022-02-28,2022-03-08,,,0,-3000.00
245741,ATT-LT000003,POTATO CORNER,Invoice,MI-Light and Power,IC0038557,GL0038316,2022-02-28,2022-03-08,,,0,-7847.84
245568,ATT-LT000005,Thirsty Fruit Juices and Drinks,Invoice,Rent Income,IC0038543,GL0038297,2022-02-28,2022-03-08,,,0,-20000.00
245733,ATT-LT000003,POTATO CORNER,Invoice,Rent Income,IC0038556,GL0038315,2022-02-28,2022-03-08,,,0,-25000.00
249271,ATT-LT000001,LEYLAM,Payment,Cash in Bank (Peso),PR2509,GL0038287,2022-03-08,,B-0001,PNB - ATT,42800.00,0
249272,ATT-LT000001,LEYLAM,Payment,Rent Receivables,PR2509,GL0038287,2022-03-08,,B-0001,PNB - ATT,0,-42800.00
249481,ATT-LT000003,POTATO CORNER,Payment,Cash in Bank (Peso),PR002501-a,GL0038319,2022-03-23,,B-0001,PNB - ATT,13375.00,0
249479,ATT-LT000003,POTATO CORNER,Payment,Cash in Bank (Peso),PR002501-a,GL0038318,2022-03-23,,B-0001,PNB - ATT,1151.00,0
249483,ATT-LT000003,POTATO CORNER,Payment,Cash in Bank (Peso),PR002501-a,GL0038320,2022-03-23,,B-0001,PNB - ATT,474.00,0
249484,ATT-LT000003,POTATO CORNER,Payment,A/R  Non Trade External,PR002501-a,GL0038320,2022-03-23,,B-0001,PNB - ATT,0,-474.00
249480,ATT-LT000003,POTATO CORNER,Payment,A/R  Non Trade External,PR002501-a,GL0038318,2022-03-23,,B-0001,PNB - ATT,0,-1151.00
249482,ATT-LT000003,POTATO CORNER,Payment,Rent Receivables,PR002501-a,GL0038319,2022-03-23,,B-0001,PNB - ATT,0,-13375.00
246825,ATT-LT000009,ALTURAS BREAD COTTAGE,Invoice,A/R  Non Trade External,IC0038598,GL0038367,2022-03-31,2022-04-08,,,124088.72,0
246312,ATT-LT000004,GOLDILOCKS,Invoice,Rent Receivables,IC0038581,GL0038347,2022-03-31,2022-04-08,,,42800.00,0
245417,ATT-LT000001,LEYLAM,Invoice,Rent Receivables,IC0038537,GL0038287,2022-03-31,2022-04-08,,,42800.00,0
245947,ATT-LT000009,ALTURAS BREAD COTTAGE,Invoice,Rent Receivables,IC0038574,GL0038333,2022-03-31,2022-04-08,,,28890.00,0
245519,ATT-LT000002,MASTER SIOMAI,Invoice,Rent Receivables,IC0038539,GL0038293,2022-03-31,2022-04-08,,,26750.00,0
245721,ATT-LT000003,POTATO CORNER,Invoice,Rent Receivables,IC0038554,GL0038313,2022-03-31,2022-04-08,,,26750.00,0
245685,ATT-LT000008,MFI-MARCELA CHICKEN,Invoice,A/R  Non Trade External,IC0038551,GL0038309,2022-03-31,2022-04-08,,,23737.56,0
246771,ATT-LT000029,SAVE N EARN WIRELESS,Invoice,Rent Receivables,IC0038587,GL0038356,2022-03-31,2022-04-08,,,21400.00,0
245547,ATT-LT000005,Thirsty Fruit Juices and Drinks,Invoice,Rent Receivables,IC0038541,GL0038295,2022-03-31,2022-04-08,,,21400.00,0
245630,ATT-LT000006,TURKS,Invoice,Rent Receivables,IC0038547,GL0038304,2022-03-31,2022-04-08,,,21400.00,0
245582,ATT-LT000007,ZAGU,Invoice,Rent Receivables,IC0038545,GL0038300,2022-03-31,2022-04-08,,,21400.00,0
245666,ATT-LT000006,TURKS,Invoice,Rent Receivables,IC0038548,GL0038306,2022-03-31,2022-04-08,,,20019.32,0
246160,ATT-LT000006,TURKS,Invoice Adjustment,Rent Income,IC0038547,GL0038304,2022-03-31,2022-04-08,,,20000.00,0
245677,ATT-LT000008,MFI-MARCELA CHICKEN,Invoice,Rent Receivables,IC0038550,GL0038308,2022-03-31,2022-04-08,,,19260.00,0
246344,ATT-LT000004,GOLDILOCKS,Invoice,A/R  Non Trade External,IC0038582,GL0038348,2022-03-31,2022-04-08,,,13142.11,0
245670,ATT-LT000006,TURKS,Invoice,A/R  Non Trade External,IC0038549,GL0038307,2022-03-31,2022-04-08,,,11319.32,0
245441,ATT-LT000001,LEYLAM,Invoice,A/R  Non Trade External,IC0038538,GL0038288,2022-03-31,2022-04-08,,,11192.15,0
245729,ATT-LT000003,POTATO CORNER,Invoice,A/R  Non Trade External,IC0038555,GL0038314,2022-03-31,2022-04-08,,,7712.92,0
245531,ATT-LT000002,MASTER SIOMAI,Invoice,A/R  Non Trade External,IC0038540,GL0038294,2022-03-31,2022-04-08,,,6600.40,0
245586,ATT-LT000007,ZAGU,Invoice,A/R  Non Trade External,IC0038546,GL0038301,2022-03-31,2022-04-08,,,2796.88,0
246161,ATT-LT000006,TURKS,Invoice Adjustment,VAT Output,IC0038547,GL0038304,2022-03-31,2022-04-08,,,2400.00,0
246315,ATT-LT000004,GOLDILOCKS,Invoice,Creditable WHT Receivable,IC0038581,GL0038347,2022-03-31,2022-04-08,,,2000.00,0
245420,ATT-LT000001,LEYLAM,Invoice,Creditable WHT Receivable,IC0038537,GL0038287,2022-03-31,2022-04-08,,,2000.00,0
245551,ATT-LT000005,Thirsty Fruit Juices and Drinks,Invoice,A/R  Non Trade External,IC0038542,GL0038296,2022-03-31,2022-04-08,,,1381.06,0
245950,ATT-LT000009,ALTURAS BREAD COTTAGE,Invoice,Creditable WHT Receivable,IC0038574,GL0038333,2022-03-31,2022-04-08,,,1350.00,0
245522,ATT-LT000002,MASTER SIOMAI,Invoice,Creditable WHT Receivable,IC0038539,GL0038293,2022-03-31,2022-04-08,,,1250.00,0
245724,ATT-LT000003,POTATO CORNER,Invoice,Creditable WHT Receivable,IC0038554,GL0038313,2022-03-31,2022-04-08,,,1250.00,0
246774,ATT-LT000029,SAVE N EARN WIRELESS,Invoice,Creditable WHT Receivable,IC0038587,GL0038356,2022-03-31,2022-04-08,,,1000.00,0
245550,ATT-LT000005,Thirsty Fruit Juices and Drinks,Invoice,Creditable WHT Receivable,IC0038541,GL0038295,2022-03-31,2022-04-08,,,1000.00,0
245633,ATT-LT000006,TURKS,Invoice,Creditable WHT Receivable,IC0038547,GL0038304,2022-03-31,2022-04-08,,,1000.00,0
245585,ATT-LT000007,ZAGU,Invoice,Creditable WHT Receivable,IC0038545,GL0038300,2022-03-31,2022-04-08,,,1000.00,0
245669,ATT-LT000006,TURKS,Invoice,Creditable WHT Receivable,IC0038548,GL0038306,2022-03-31,2022-04-08,,,935.48,0
245680,ATT-LT000008,MFI-MARCELA CHICKEN,Invoice,Creditable WHT Receivable,IC0038550,GL0038308,2022-03-31,2022-04-08,,,900.00,0
246775,ATT-LT000029,SAVE N EARN WIRELESS,Invoice,A/R  Non Trade External,IC0038588,GL0038357,2022-03-31,2022-04-08,,,495.88,0
245620,ATT-LT000007,ZAGU,Invoice Adjustment,A/R  Non Trade External,IC0038546,GL0038301,2022-03-31,2022-04-08,,,300.00,0
246346,ATT-LT000004,GOLDILOCKS,Invoice,Creditable WHT Receivable-Expanded,IC0038582,GL0038348,2022-03-31,2022-04-08,,,268.21,0
245444,ATT-LT000001,LEYLAM,Invoice,Creditable WHT Receivable-Expanded,IC0038538,GL0038288,2022-03-31,2022-04-08,,,228.41,0
245731,ATT-LT000003,POTATO CORNER,Invoice,MI-Water,IC0038555,GL0038314,2022-03-31,2022-04-08,,,0,-16.00
245553,ATT-LT000005,Thirsty Fruit Juices and Drinks,Invoice,MI-Water,IC0038542,GL0038296,2022-03-31,2022-04-08,,,0,-16.00
245533,ATT-LT000002,MASTER SIOMAI,Invoice,MI-Water,IC0038540,GL0038294,2022-03-31,2022-04-08,,,0,-48.00
246829,ATT-LT000009,ALTURAS BREAD COTTAGE,Invoice,MI-Water,IC0038598,GL0038367,2022-03-31,2022-04-08,,,0,-75.60
245443,ATT-LT000001,LEYLAM,Invoice,MI-Water,IC0038538,GL0038288,2022-03-31,2022-04-08,,,0,-80.00
245588,ATT-LT000007,ZAGU,Invoice,MI-Water,IC0038546,GL0038301,2022-03-31,2022-04-08,,,0,-80.00
245534,ATT-LT000002,MASTER SIOMAI,Invoice,MI-Charges,IC0038540,GL0038294,2022-03-31,2022-04-08,,,0,-300.00
245554,ATT-LT000005,Thirsty Fruit Juices and Drinks,Invoice,MI-Charges,IC0038542,GL0038296,2022-03-31,2022-04-08,,,0,-300.00
245672,ATT-LT000006,TURKS,Invoice,MI-Charges,IC0038549,GL0038307,2022-03-31,2022-04-08,,,0,-300.00
245589,ATT-LT000007,ZAGU,Invoice,MI-Charges,IC0038546,GL0038301,2022-03-31,2022-04-08,,,0,-300.00
245621,ATT-LT000007,ZAGU,Invoice Adjustment,MI-Charges,IC0038546,GL0038301,2022-03-31,2022-04-08,,,0,-300.00
246776,ATT-LT000029,SAVE N EARN WIRELESS,Invoice,MI-Light and Power,IC0038588,GL0038357,2022-03-31,2022-04-08,,,0,-495.88
246162,ATT-LT000006,TURKS,Invoice Adjustment,Creditable WHT Receivable,IC0038547,GL0038304,2022-03-31,2022-04-08,,,0,-1000.00
245552,ATT-LT000005,Thirsty Fruit Juices and Drinks,Invoice,MI-Light and Power,IC0038542,GL0038296,2022-03-31,2022-04-08,,,0,-1065.06
245679,ATT-LT000008,MFI-MARCELA CHICKEN,Invoice,VAT Output,IC0038550,GL0038308,2022-03-31,2022-04-08,,,0,-2160.00
245668,ATT-LT000006,TURKS,Invoice,VAT Output,IC0038548,GL0038306,2022-03-31,2022-04-08,,,0,-2245.16
246773,ATT-LT000029,SAVE N EARN WIRELESS,Invoice,VAT Output,IC0038587,GL0038356,2022-03-31,2022-04-08,,,0,-2400.00
245549,ATT-LT000005,Thirsty Fruit Juices and Drinks,Invoice,VAT Output,IC0038541,GL0038295,2022-03-31,2022-04-08,,,0,-2400.00
245632,ATT-LT000006,TURKS,Invoice,VAT Output,IC0038547,GL0038304,2022-03-31,2022-04-08,,,0,-2400.00
245584,ATT-LT000007,ZAGU,Invoice,VAT Output,IC0038545,GL0038300,2022-03-31,2022-04-08,,,0,-2400.00
245587,ATT-LT000007,ZAGU,Invoice,MI-Light and Power,IC0038546,GL0038301,2022-03-31,2022-04-08,,,0,-2416.88
245521,ATT-LT000002,MASTER SIOMAI,Invoice,VAT Output,IC0038539,GL0038293,2022-03-31,2022-04-08,,,0,-3000.00
245723,ATT-LT000003,POTATO CORNER,Invoice,VAT Output,IC0038554,GL0038313,2022-03-31,2022-04-08,,,0,-3000.00
245949,ATT-LT000009,ALTURAS BREAD COTTAGE,Invoice,VAT Output,IC0038574,GL0038333,2022-03-31,2022-04-08,,,0,-3240.00
246314,ATT-LT000004,GOLDILOCKS,Invoice,VAT Output,IC0038581,GL0038347,2022-03-31,2022-04-08,,,0,-4800.00
245419,ATT-LT000001,LEYLAM,Invoice,VAT Output,IC0038537,GL0038287,2022-03-31,2022-04-08,,,0,-4800.00
245532,ATT-LT000002,MASTER SIOMAI,Invoice,MI-Light and Power,IC0038540,GL0038294,2022-03-31,2022-04-08,,,0,-6252.40
245730,ATT-LT000003,POTATO CORNER,Invoice,MI-Light and Power,IC0038555,GL0038314,2022-03-31,2022-04-08,,,0,-7696.92
245671,ATT-LT000006,TURKS,Invoice,MI-Light and Power,IC0038549,GL0038307,2022-03-31,2022-04-08,,,0,-11019.32
245442,ATT-LT000001,LEYLAM,Invoice,MI-Light and Power,IC0038538,GL0038288,2022-03-31,2022-04-08,,,0,-11340.56
246345,ATT-LT000004,GOLDILOCKS,Invoice,MI-Light and Power,IC0038582,GL0038348,2022-03-31,2022-04-08,,,0,-13410.32
245678,ATT-LT000008,MFI-MARCELA CHICKEN,Invoice,Rent Income,IC0038550,GL0038308,2022-03-31,2022-04-08,,,0,-18000.00
245667,ATT-LT000006,TURKS,Invoice,Rent Income,IC0038548,GL0038306,2022-03-31,2022-04-08,,,0,-18709.64
246772,ATT-LT000029,SAVE N EARN WIRELESS,Invoice,Rent Income,IC0038587,GL0038356,2022-03-31,2022-04-08,,,0,-20000.00
245548,ATT-LT000005,Thirsty Fruit Juices and Drinks,Invoice,Rent Income,IC0038541,GL0038295,2022-03-31,2022-04-08,,,0,-20000.00
245631,ATT-LT000006,TURKS,Invoice,Rent Income,IC0038547,GL0038304,2022-03-31,2022-04-08,,,0,-20000.00
245583,ATT-LT000007,ZAGU,Invoice,Rent Income,IC0038545,GL0038300,2022-03-31,2022-04-08,,,0,-20000.00
246159,ATT-LT000006,TURKS,Invoice Adjustment,Rent Receivables,IC0038547,GL0038304,2022-03-31,2022-04-08,,,0,-21400.00
245686,ATT-LT000008,MFI-MARCELA CHICKEN,Invoice,MI-Light and Power,IC0038551,GL0038309,2022-03-31,2022-04-08,,,0,-23737.56
245520,ATT-LT000002,MASTER SIOMAI,Invoice,Rent Income,IC0038539,GL0038293,2022-03-31,2022-04-08,,,0,-25000.00
245722,ATT-LT000003,POTATO CORNER,Invoice,Rent Income,IC0038554,GL0038313,2022-03-31,2022-04-08,,,0,-25000.00
245948,ATT-LT000009,ALTURAS BREAD COTTAGE,Invoice,Rent Income,IC0038574,GL0038333,2022-03-31,2022-04-08,,,0,-27000.00
246827,ATT-LT000009,ALTURAS BREAD COTTAGE,Invoice,MI-Light and Power,IC0038598,GL0038367,2022-03-31,2022-04-08,,,0,-32404.68
246313,ATT-LT000004,GOLDILOCKS,Invoice,Rent Income,IC0038581,GL0038347,2022-03-31,2022-04-08,,,0,-40000.00
245418,ATT-LT000001,LEYLAM,Invoice,Rent Income,IC0038537,GL0038287,2022-03-31,2022-04-08,,,0,-40000.00
246826,ATT-LT000009,ALTURAS BREAD COTTAGE,Invoice,MI-Charges,IC0038598,GL0038367,2022-03-31,2022-04-08,,,0,-91608.44
249127,ATT-LT000002,MASTER SIOMAI,Payment,Cash in Bank (Peso),PR5053/2553,GL0038293,2022-04-19,,B-0001,PNB - ATT,26750.00,0
249129,ATT-LT000002,MASTER SIOMAI,Payment,Cash in Bank (Peso),PR5053/2553,GL0038294,2022-04-19,,B-0001,PNB - ATT,6600.40,0
249130,ATT-LT000002,MASTER SIOMAI,Payment,A/R  Non Trade External,PR5053/2553,GL0038294,2022-04-19,,B-0001,PNB - ATT,0,-6600.40
249128,ATT-LT000002,MASTER SIOMAI,Payment,Rent Receivables,PR5053/2553,GL0038293,2022-04-19,,B-0001,PNB - ATT,0,-26750.00
249297,ATT-LT000001,LEYLAM,Payment,Cash in Bank (Peso),PR005011,GL0038288,2022-04-20,,B-0001,PNB - ATT,11192.15,0
249298,ATT-LT000001,LEYLAM,Payment,A/R  Non Trade External,PR005011,GL0038288,2022-04-20,,B-0001,PNB - ATT,0,-11192.15
249206,ATT-LT000006,TURKS,Payment,Cash in Bank (Peso),PR5012/2523,GL0038306,2022-04-22,,B-0001,PNB - ATT,20019.32,0
249494,ATT-LT000003,POTATO CORNER,Payment,Cash in Bank (Peso),PR0025001-b,GL0038321,2022-04-22,,B-0001,PNB - ATT,12789.00,0
249208,ATT-LT000006,TURKS,Payment,Cash in Bank (Peso),PR5012/2523,GL0038307,2022-04-22,,B-0001,PNB - ATT,11319.32,0
249492,ATT-LT000003,POTATO CORNER,Payment,Cash in Bank (Peso),PR0025001-b,GL0038320,2022-04-22,,B-0001,PNB - ATT,2211.00,0
249493,ATT-LT000003,POTATO CORNER,Payment,A/R  Non Trade External,PR0025001-b,GL0038320,2022-04-22,,B-0001,PNB - ATT,0,-2211.00
249209,ATT-LT000006,TURKS,Payment,A/R  Non Trade External,PR5012/2523,GL0038307,2022-04-22,,B-0001,PNB - ATT,0,-11319.32
249495,ATT-LT000003,POTATO CORNER,Payment,Rent Receivables,PR0025001-b,GL0038321,2022-04-22,,B-0001,PNB - ATT,0,-12789.00
249207,ATT-LT000006,TURKS,Payment,Rent Receivables,PR5012/2523,GL0038306,2022-04-22,,B-0001,PNB - ATT,0,-20019.32
250162,ATT-LT000029,SAVE N EARN WIRELESS,Payment,Cash in Bank (Peso),PR02524/05013,GL0038356,2022-04-26,,B-0001,PNB - ATT,21400.00,0
250164,ATT-LT000029,SAVE N EARN WIRELESS,Payment,Cash in Bank (Peso),PR02524/05013,GL0038357,2022-04-26,,B-0001,PNB - ATT,495.88,0
250165,ATT-LT000029,SAVE N EARN WIRELESS,Payment,A/R  Non Trade External,PR02524/05013,GL0038357,2022-04-26,,B-0001,PNB - ATT,0,-495.88
250163,ATT-LT000029,SAVE N EARN WIRELESS,Payment,Rent Receivables,PR02524/05013,GL0038356,2022-04-26,,B-0001,PNB - ATT,0,-21400.00
249956,ATT-LT000007,ZAGU,Payment,Cash in Bank (Peso),PR02525/05014,GL0038300,2022-04-28,,B-0001,PNB - ATT,21400.00,0
249958,ATT-LT000007,ZAGU,Payment,Cash in Bank (Peso),PR02525/05014,GL0038301,2022-04-28,,B-0001,PNB - ATT,3096.88,0
249959,ATT-LT000007,ZAGU,Payment,A/R  Non Trade External,PR02525/05014,GL0038301,2022-04-28,,B-0001,PNB - ATT,0,-3096.88
249957,ATT-LT000007,ZAGU,Payment,Rent Receivables,PR02525/05014,GL0038300,2022-04-28,,B-0001,PNB - ATT,0,-21400.00
250640,ATT-LT000009,ALTURAS BREAD COTTAGE,Invoice,A/R  Non Trade External,IC0039237,GL0039035,2022-04-30,2022-05-08,,,150620.12,0
250213,ATT-LT000004,GOLDILOCKS,Invoice,Rent Receivables,IC0039182,GL0038977,2022-04-30,2022-05-08,,,42800.00,0
250150,ATT-LT000001,LEYLAM,Invoice,Rent Receivables,IC0039169,GL0038964,2022-04-30,2022-05-08,,,42800.00,0
250211,ATT-LT000008,MFI-MARCELA CHICKEN,Invoice,A/R  Non Trade External,IC0039181,GL0038976,2022-04-30,2022-05-08,,,30636.76,0
250230,ATT-LT000009,ALTURAS BREAD COTTAGE,Invoice,Rent Receivables,IC0039186,GL0038981,2022-04-30,2022-05-08,,,28890.00,0
250089,ATT-LT000002,MASTER SIOMAI,Invoice,Rent Receivables,IC0039158,GL0038953,2022-04-30,2022-05-08,,,26750.00,0
250220,ATT-LT000003,POTATO CORNER,Invoice,Rent Receivables,IC0039184,GL0038979,2022-04-30,2022-05-08,,,26750.00,0
250120,ATT-LT000029,SAVE N EARN WIRELESS,Invoice,Rent Receivables,IC0039163,GL0038958,2022-04-30,2022-05-08,,,21400.00,0
250188,ATT-LT000005,Thirsty Fruit Juices and Drinks,Invoice,Rent Receivables,IC0039176,GL0038971,2022-04-30,2022-05-08,,,21400.00,0
250110,ATT-LT000006,TURKS,Invoice,Rent Receivables,IC0039161,GL0038956,2022-04-30,2022-05-08,,,21400.00,0
250082,ATT-LT000007,ZAGU,Invoice,Rent Receivables,IC0039156,GL0038951,2022-04-30,2022-05-08,,,21400.00,0
250207,ATT-LT000008,MFI-MARCELA CHICKEN,Invoice,Rent Receivables,IC0039180,GL0038975,2022-04-30,2022-05-08,,,19260.00,0
250217,ATT-LT000004,GOLDILOCKS,Invoice,A/R  Non Trade External,IC0039183,GL0038978,2022-04-30,2022-05-08,,,16184.66,0
250170,ATT-LT000001,LEYLAM,Invoice,A/R  Non Trade External,IC0039173,GL0038968,2022-04-30,2022-05-08,,,11916.80,0
250114,ATT-LT000006,TURKS,Invoice,A/R  Non Trade External,IC0039162,GL0038957,2022-04-30,2022-05-08,,,11605.75,0
250228,ATT-LT000003,POTATO CORNER,Invoice,A/R  Non Trade External,IC0039185,GL0038980,2022-04-30,2022-05-08,,,8106.56,0
250101,ATT-LT000002,MASTER SIOMAI,Invoice,A/R  Non Trade External,IC0039160,GL0038955,2022-04-30,2022-05-08,,,6968.76,0
250086,ATT-LT000007,ZAGU,Invoice,A/R  Non Trade External,IC0039157,GL0038952,2022-04-30,2022-05-08,,,3058.83,0
250216,ATT-LT000004,GOLDILOCKS,Invoice,Creditable WHT Receivable,IC0039182,GL0038977,2022-04-30,2022-05-08,,,2000.00,0
250153,ATT-LT000001,LEYLAM,Invoice,Creditable WHT Receivable,IC0039169,GL0038964,2022-04-30,2022-05-08,,,2000.00,0
250233,ATT-LT000009,ALTURAS BREAD COTTAGE,Invoice,Creditable WHT Receivable,IC0039186,GL0038981,2022-04-30,2022-05-08,,,1350.00,0
250196,ATT-LT000005,Thirsty Fruit Juices and Drinks,Invoice,A/R  Non Trade External,IC0039177,GL0038972,2022-04-30,2022-05-08,,,1260.92,0
250092,ATT-LT000002,MASTER SIOMAI,Invoice,Creditable WHT Receivable,IC0039158,GL0038953,2022-04-30,2022-05-08,,,1250.00,0
250223,ATT-LT000003,POTATO CORNER,Invoice,Creditable WHT Receivable,IC0039184,GL0038979,2022-04-30,2022-05-08,,,1250.00,0
250123,ATT-LT000029,SAVE N EARN WIRELESS,Invoice,Creditable WHT Receivable,IC0039163,GL0038958,2022-04-30,2022-05-08,,,1000.00,0
250191,ATT-LT000005,Thirsty Fruit Juices and Drinks,Invoice,Creditable WHT Receivable,IC0039176,GL0038971,2022-04-30,2022-05-08,,,1000.00,0
250113,ATT-LT000006,TURKS,Invoice,Creditable WHT Receivable,IC0039161,GL0038956,2022-04-30,2022-05-08,,,1000.00,0
250085,ATT-LT000007,ZAGU,Invoice,Creditable WHT Receivable,IC0039156,GL0038951,2022-04-30,2022-05-08,,,1000.00,0
250210,ATT-LT000008,MFI-MARCELA CHICKEN,Invoice,Creditable WHT Receivable,IC0039180,GL0038975,2022-04-30,2022-05-08,,,900.00,0
250128,ATT-LT000029,SAVE N EARN WIRELESS,Invoice,A/R  Non Trade External,IC0039165,GL0038960,2022-04-30,2022-05-08,,,429.36,0
250219,ATT-LT000004,GOLDILOCKS,Invoice,Creditable WHT Receivable-Expanded,IC0039183,GL0038978,2022-04-30,2022-05-08,,,330.30,0
250173,ATT-LT000001,LEYLAM,Invoice,Creditable WHT Receivable-Expanded,IC0039173,GL0038968,2022-04-30,2022-05-08,,,243.20,0
250198,ATT-LT000005,Thirsty Fruit Juices and Drinks,Invoice,MI-Water,IC0039177,GL0038972,2022-04-30,2022-05-08,,,0,-32.00
250103,ATT-LT000002,MASTER SIOMAI,Invoice,MI-Water,IC0039160,GL0038955,2022-04-30,2022-05-08,,,0,-48.00
250172,ATT-LT000001,LEYLAM,Invoice,MI-Water,IC0039173,GL0038968,2022-04-30,2022-05-08,,,0,-86.40
250645,ATT-LT000009,ALTURAS BREAD COTTAGE,Invoice,MI-Water,IC0039237,GL0039035,2022-04-30,2022-05-08,,,0,-88.20
250088,ATT-LT000007,ZAGU,Invoice,MI-Water,IC0039157,GL0038952,2022-04-30,2022-05-08,,,0,-100.80
250129,ATT-LT000029,SAVE N EARN WIRELESS,Invoice,MI-Light and Power,IC0039165,GL0038960,2022-04-30,2022-05-08,,,0,-129.36
250130,ATT-LT000029,SAVE N EARN WIRELESS,Invoice,MI-Charges,IC0039165,GL0038960,2022-04-30,2022-05-08,,,0,-300.00
250197,ATT-LT000005,Thirsty Fruit Juices and Drinks,Invoice,MI-Light and Power,IC0039177,GL0038972,2022-04-30,2022-05-08,,,0,-1228.92
250209,ATT-LT000008,MFI-MARCELA CHICKEN,Invoice,VAT Output,IC0039180,GL0038975,2022-04-30,2022-05-08,,,0,-2160.00
250122,ATT-LT000029,SAVE N EARN WIRELESS,Invoice,VAT Output,IC0039163,GL0038958,2022-04-30,2022-05-08,,,0,-2400.00
250190,ATT-LT000005,Thirsty Fruit Juices and Drinks,Invoice,VAT Output,IC0039176,GL0038971,2022-04-30,2022-05-08,,,0,-2400.00
250112,ATT-LT000006,TURKS,Invoice,VAT Output,IC0039161,GL0038956,2022-04-30,2022-05-08,,,0,-2400.00
250084,ATT-LT000007,ZAGU,Invoice,VAT Output,IC0039156,GL0038951,2022-04-30,2022-05-08,,,0,-2400.00
250087,ATT-LT000007,ZAGU,Invoice,MI-Light and Power,IC0039157,GL0038952,2022-04-30,2022-05-08,,,0,-2958.03
250091,ATT-LT000002,MASTER SIOMAI,Invoice,VAT Output,IC0039158,GL0038953,2022-04-30,2022-05-08,,,0,-3000.00
250222,ATT-LT000003,POTATO CORNER,Invoice,VAT Output,IC0039184,GL0038979,2022-04-30,2022-05-08,,,0,-3000.00
250232,ATT-LT000009,ALTURAS BREAD COTTAGE,Invoice,VAT Output,IC0039186,GL0038981,2022-04-30,2022-05-08,,,0,-3240.00
250215,ATT-LT000004,GOLDILOCKS,Invoice,VAT Output,IC0039182,GL0038977,2022-04-30,2022-05-08,,,0,-4800.00
250152,ATT-LT000001,LEYLAM,Invoice,VAT Output,IC0039169,GL0038964,2022-04-30,2022-05-08,,,0,-4800.00
250102,ATT-LT000002,MASTER SIOMAI,Invoice,MI-Light and Power,IC0039160,GL0038955,2022-04-30,2022-05-08,,,0,-6920.76
250229,ATT-LT000003,POTATO CORNER,Invoice,MI-Light and Power,IC0039185,GL0038980,2022-04-30,2022-05-08,,,0,-8106.56
250115,ATT-LT000006,TURKS,Invoice,MI-Light and Power,IC0039162,GL0038957,2022-04-30,2022-05-08,,,0,-11605.75
250171,ATT-LT000001,LEYLAM,Invoice,MI-Light and Power,IC0039173,GL0038968,2022-04-30,2022-05-08,,,0,-12073.60
250218,ATT-LT000004,GOLDILOCKS,Invoice,MI-Light and Power,IC0039183,GL0038978,2022-04-30,2022-05-08,,,0,-16514.96
250208,ATT-LT000008,MFI-MARCELA CHICKEN,Invoice,Rent Income,IC0039180,GL0038975,2022-04-30,2022-05-08,,,0,-18000.00
250121,ATT-LT000029,SAVE N EARN WIRELESS,Invoice,Rent Income,IC0039163,GL0038958,2022-04-30,2022-05-08,,,0,-20000.00
250189,ATT-LT000005,Thirsty Fruit Juices and Drinks,Invoice,Rent Income,IC0039176,GL0038971,2022-04-30,2022-05-08,,,0,-20000.00
250111,ATT-LT000006,TURKS,Invoice,Rent Income,IC0039161,GL0038956,2022-04-30,2022-05-08,,,0,-20000.00
250083,ATT-LT000007,ZAGU,Invoice,Rent Income,IC0039156,GL0038951,2022-04-30,2022-05-08,,,0,-20000.00
250090,ATT-LT000002,MASTER SIOMAI,Invoice,Rent Income,IC0039158,GL0038953,2022-04-30,2022-05-08,,,0,-25000.00
250221,ATT-LT000003,POTATO CORNER,Invoice,Rent Income,IC0039184,GL0038979,2022-04-30,2022-05-08,,,0,-25000.00
250231,ATT-LT000009,ALTURAS BREAD COTTAGE,Invoice,Rent Income,IC0039186,GL0038981,2022-04-30,2022-05-08,,,0,-27000.00
250212,ATT-LT000008,MFI-MARCELA CHICKEN,Invoice,MI-Light and Power,IC0039181,GL0038976,2022-04-30,2022-05-08,,,0,-30636.76
250214,ATT-LT000004,GOLDILOCKS,Invoice,Rent Income,IC0039182,GL0038977,2022-04-30,2022-05-08,,,0,-40000.00
250151,ATT-LT000001,LEYLAM,Invoice,Rent Income,IC0039169,GL0038964,2022-04-30,2022-05-08,,,0,-40000.00
250641,ATT-LT000009,ALTURAS BREAD COTTAGE,Invoice,MI-Charges,IC0039237,GL0039035,2022-04-30,2022-05-08,,,0,-150531.92
250176,ATT-LT000009,ALTURAS BREAD COTTAGE,Payment,Cash in Bank (Peso),PR02529/05015,GL0038367,2022-05-04,,B-0001,PNB - ATT,124088.72,0
250174,ATT-LT000009,ALTURAS BREAD COTTAGE,Payment,Cash in Bank (Peso),PR02529/05015,GL0038333,2022-05-04,,B-0001,PNB - ATT,28890.00,0
250175,ATT-LT000009,ALTURAS BREAD COTTAGE,Payment,Rent Receivables,PR02529/05015,GL0038333,2022-05-04,,B-0001,PNB - ATT,0,-28890.00
250177,ATT-LT000009,ALTURAS BREAD COTTAGE,Payment,A/R  Non Trade External,PR02529/05015,GL0038367,2022-05-04,,B-0001,PNB - ATT,0,-124088.72
251118,ATT-LT000001,LEYLAM,Payment,Cash in Bank (Peso),PR02532,GL0038964,2022-05-10,,B-0001,PNB - ATT,42800.00,0
251120,ATT-LT000001,LEYLAM,Payment,Cash in Bank (Peso),PR02532,GL0038968,2022-05-10,,B-0001,PNB - ATT,11916.80,0
251121,ATT-LT000001,LEYLAM,Payment,A/R  Non Trade External,PR02532,GL0038968,2022-05-10,,B-0001,PNB - ATT,0,-11916.80
251119,ATT-LT000001,LEYLAM,Payment,Rent Receivables,PR02532,GL0038964,2022-05-10,,B-0001,PNB - ATT,0,-42800.00
251302,ATT-LT000029,SAVE N EARN WIRELESS,Payment,Cash in Bank (Peso),PR02533/0516,GL0038958,2022-05-11,,B-0001,PNB - ATT,21400.00,0
251304,ATT-LT000029,SAVE N EARN WIRELESS,Payment,Cash in Bank (Peso),PR02533/0516,GL0038960,2022-05-11,,B-0001,PNB - ATT,429.36,0
251305,ATT-LT000029,SAVE N EARN WIRELESS,Payment,A/R  Non Trade External,PR02533/0516,GL0038960,2022-05-11,,B-0001,PNB - ATT,0,-429.36
251303,ATT-LT000029,SAVE N EARN WIRELESS,Payment,Rent Receivables,PR02533/0516,GL0038958,2022-05-11,,B-0001,PNB - ATT,0,-21400.00
251548,ATT-LT000006,TURKS,Payment,Cash in Bank (Peso),PR2534/5017,GL0038956,2022-05-12,,B-0001,PNB - ATT,21400.00,0
251550,ATT-LT000006,TURKS,Payment,Cash in Bank (Peso),PR2534/5017,GL0038957,2022-05-12,,B-0001,PNB - ATT,11605.75,0
251551,ATT-LT000006,TURKS,Payment,A/R  Non Trade External,PR2534/5017,GL0038957,2022-05-12,,B-0001,PNB - ATT,0,-11605.75
251549,ATT-LT000006,TURKS,Payment,Rent Receivables,PR2534/5017,GL0038956,2022-05-12,,B-0001,PNB - ATT,0,-21400.00
252585,ATT-LT000009,ALTURAS BREAD COTTAGE,Payment,Cash in Bank (Peso),PR02173,GL0039035,2022-05-13,,B-0001,PNB - ATT,150620.12,0
252583,ATT-LT000009,ALTURAS BREAD COTTAGE,Payment,Cash in Bank (Peso),PR02173,GL0038981,2022-05-13,,B-0001,PNB - ATT,28890.00,0
252210,ATT-LT000002,MASTER SIOMAI,Payment,Cash in Bank (Peso),PR02555/05055,GL0038953,2022-05-13,,B-0001,PNB - ATT,26750.00,0
252214,ATT-LT000003,POTATO CORNER,Payment,Cash in Bank (Peso),PR02554/05054,GL0038315,2022-05-13,,B-0001,PNB - ATT,26750.00,0
252216,ATT-LT000003,POTATO CORNER,Payment,Cash in Bank (Peso),PR02554/05054,GL0038316,2022-05-13,,B-0001,PNB - ATT,7863.84,0
252212,ATT-LT000002,MASTER SIOMAI,Payment,Cash in Bank (Peso),PR02555/05055,GL0038955,2022-05-13,,B-0001,PNB - ATT,6968.76,0
252213,ATT-LT000002,MASTER SIOMAI,Payment,A/R  Non Trade External,PR02555/05055,GL0038955,2022-05-13,,B-0001,PNB - ATT,0,-6968.76
252217,ATT-LT000003,POTATO CORNER,Payment,A/R  Non Trade External,PR02554/05054,GL0038316,2022-05-13,,B-0001,PNB - ATT,0,-7863.84
252211,ATT-LT000002,MASTER SIOMAI,Payment,Rent Receivables,PR02555/05055,GL0038953,2022-05-13,,B-0001,PNB - ATT,0,-26750.00
252215,ATT-LT000003,POTATO CORNER,Payment,Rent Receivables,PR02554/05054,GL0038315,2022-05-13,,B-0001,PNB - ATT,0,-26750.00
252584,ATT-LT000009,ALTURAS BREAD COTTAGE,Payment,Rent Receivables,PR02173,GL0038981,2022-05-13,,B-0001,PNB - ATT,0,-28890.00
252586,ATT-LT000009,ALTURAS BREAD COTTAGE,Payment,A/R  Non Trade External,PR02173,GL0039035,2022-05-13,,B-0001,PNB - ATT,0,-150620.12
252601,ATT-LT000008,MFI-MARCELA CHICKEN,Payment,Cash in Bank (Peso),PR2176,GL0038976,2022-05-17,,B-0001,PNB - ATT,30636.76,0
252593,ATT-LT000008,MFI-MARCELA CHICKEN,Payment,Cash in Bank (Peso),PR2176,GL0038311,2022-05-17,,B-0001,PNB - ATT,29412.00,0
252597,ATT-LT000008,MFI-MARCELA CHICKEN,Payment,Cash in Bank (Peso),PR2176,GL0038309,2022-05-17,,B-0001,PNB - ATT,23737.56,0
252595,ATT-LT000008,MFI-MARCELA CHICKEN,Payment,Cash in Bank (Peso),PR2176,GL0038308,2022-05-17,,B-0001,PNB - ATT,19260.00,0
252591,ATT-LT000008,MFI-MARCELA CHICKEN,Payment,Cash in Bank (Peso),PR2176,GL0038310,2022-05-17,,B-0001,PNB - ATT,19260.00,0
252599,ATT-LT000008,MFI-MARCELA CHICKEN,Payment,Cash in Bank (Peso),PR2176,GL0038975,2022-05-17,,B-0001,PNB - ATT,19260.00,0
252596,ATT-LT000008,MFI-MARCELA CHICKEN,Payment,Rent Receivables,PR2176,GL0038308,2022-05-17,,B-0001,PNB - ATT,0,-19260.00
252592,ATT-LT000008,MFI-MARCELA CHICKEN,Payment,Rent Receivables,PR2176,GL0038310,2022-05-17,,B-0001,PNB - ATT,0,-19260.00
252600,ATT-LT000008,MFI-MARCELA CHICKEN,Payment,Rent Receivables,PR2176,GL0038975,2022-05-17,,B-0001,PNB - ATT,0,-19260.00
252598,ATT-LT000008,MFI-MARCELA CHICKEN,Payment,A/R  Non Trade External,PR2176,GL0038309,2022-05-17,,B-0001,PNB - ATT,0,-23737.56
252594,ATT-LT000008,MFI-MARCELA CHICKEN,Payment,A/R  Non Trade External,PR2176,GL0038311,2022-05-17,,B-0001,PNB - ATT,0,-29412.00
252602,ATT-LT000008,MFI-MARCELA CHICKEN,Payment,A/R  Non Trade External,PR2176,GL0038976,2022-05-17,,B-0001,PNB - ATT,0,-30636.76
252904,ATT-LT000004,GOLDILOCKS,Payment,Cash in Bank (Peso),PR02535,GL0038347,2022-05-20,,B-0001,PNB - ATT,42800.00,0
252914,ATT-LT000007,ZAGU,Payment,Cash in Bank (Peso),PR02536/5018,GL0038951,2022-05-20,,B-0001,PNB - ATT,21400.00,0
252906,ATT-LT000004,GOLDILOCKS,Payment,Cash in Bank (Peso),PR02535,GL0038348,2022-05-20,,B-0001,PNB - ATT,13142.11,0
252916,ATT-LT000007,ZAGU,Payment,Cash in Bank (Peso),PR02536/5018,GL0038952,2022-05-20,,B-0001,PNB - ATT,3058.83,0
252917,ATT-LT000007,ZAGU,Payment,A/R  Non Trade External,PR02536/5018,GL0038952,2022-05-20,,B-0001,PNB - ATT,0,-3058.83
252907,ATT-LT000004,GOLDILOCKS,Payment,A/R  Non Trade External,PR02535,GL0038348,2022-05-20,,B-0001,PNB - ATT,0,-13142.11
252915,ATT-LT000007,ZAGU,Payment,Rent Receivables,PR02536/5018,GL0038951,2022-05-20,,B-0001,PNB - ATT,0,-21400.00
252905,ATT-LT000004,GOLDILOCKS,Payment,Rent Receivables,PR02535,GL0038347,2022-05-20,,B-0001,PNB - ATT,0,-42800.00
252896,ATT-LT000003,POTATO CORNER,Payment,Cash in Bank (Peso),PR2181,GL0038323,2022-05-23,,B-0001,PNB - ATT,11443.00,0
252894,ATT-LT000003,POTATO CORNER,Payment,Cash in Bank (Peso),PR2181,GL0038322,2022-05-23,,B-0001,PNB - ATT,2971.00,0
252892,ATT-LT000003,POTATO CORNER,Payment,Cash in Bank (Peso),PR2181,GL0038321,2022-05-23,,B-0001,PNB - ATT,586.00,0
252893,ATT-LT000003,POTATO CORNER,Payment,Rent Receivables,PR2181,GL0038321,2022-05-23,,B-0001,PNB - ATT,0,-586.00
252895,ATT-LT000003,POTATO CORNER,Payment,A/R  Non Trade External,PR2181,GL0038322,2022-05-23,,B-0001,PNB - ATT,0,-2971.00
252897,ATT-LT000003,POTATO CORNER,Payment,Rent Receivables,PR2181,GL0038323,2022-05-23,,B-0001,PNB - ATT,0,-11443.00
255796,ATT-LT000004,GOLDILOCKS,Payment,Cash in Bank (Peso),PR02541,GL0038977,2022-05-25,,B-0001,PNB - ATT,42800.00,0
255798,ATT-LT000004,GOLDILOCKS,Payment,Cash in Bank (Peso),PR02541,GL0038978,2022-05-25,,B-0001,PNB - ATT,16184.66,0
255799,ATT-LT000004,GOLDILOCKS,Payment,A/R  Non Trade External,PR02541,GL0038978,2022-05-25,,B-0001,PNB - ATT,0,-16184.66
255797,ATT-LT000004,GOLDILOCKS,Payment,Rent Receivables,PR02541,GL0038977,2022-05-25,,B-0001,PNB - ATT,0,-42800.00
256399,ATT-LT000003,POTATO CORNER,Payment,Cash in Bank (Peso),PR02556/05056,GL0038313,2022-05-27,,B-0001,PNB - ATT,26750.00,0
256401,ATT-LT000003,POTATO CORNER,Payment,Cash in Bank (Peso),PR02556/05056,GL0038314,2022-05-27,,B-0001,PNB - ATT,7712.92,0
256402,ATT-LT000003,POTATO CORNER,Payment,A/R  Non Trade External,PR02556/05056,GL0038314,2022-05-27,,B-0001,PNB - ATT,0,-7712.92
256400,ATT-LT000003,POTATO CORNER,Payment,Rent Receivables,PR02556/05056,GL0038313,2022-05-27,,B-0001,PNB - ATT,0,-26750.00
255804,ATT-LT000005,Thirsty Fruit Juices and Drinks,Payment,Cash in Bank (Peso),PR02542/05019,GL0038295,2022-05-30,,B-0001,PNB - ATT,21400.00,0
255800,ATT-LT000005,Thirsty Fruit Juices and Drinks,Payment,Cash in Bank (Peso),PR02542/05019,GL0038297,2022-05-30,,B-0001,PNB - ATT,21400.00,0
255806,ATT-LT000005,Thirsty Fruit Juices and Drinks,Payment,Cash in Bank (Peso),PR02542/05019,GL0038296,2022-05-30,,B-0001,PNB - ATT,1381.06,0
255802,ATT-LT000005,Thirsty Fruit Juices and Drinks,Payment,Cash in Bank (Peso),PR02542/05019,GL0038298,2022-05-30,,B-0001,PNB - ATT,1241.52,0
255803,ATT-LT000005,Thirsty Fruit Juices and Drinks,Payment,A/R  Non Trade External,PR02542/05019,GL0038298,2022-05-30,,B-0001,PNB - ATT,0,-1241.52
255807,ATT-LT000005,Thirsty Fruit Juices and Drinks,Payment,A/R  Non Trade External,PR02542/05019,GL0038296,2022-05-30,,B-0001,PNB - ATT,0,-1381.06
255805,ATT-LT000005,Thirsty Fruit Juices and Drinks,Payment,Rent Receivables,PR02542/05019,GL0038295,2022-05-30,,B-0001,PNB - ATT,0,-21400.00
255801,ATT-LT000005,Thirsty Fruit Juices and Drinks,Payment,Rent Receivables,PR02542/05019,GL0038297,2022-05-30,,B-0001,PNB - ATT,0,-21400.00
256766,ATT-LT000009,ALTURAS BREAD COTTAGE,Invoice,A/R  Non Trade External,IC0039919,GL0039779,2022-05-31,2022-06-08,,,97612.20,0
256494,ATT-LT000004,GOLDILOCKS,Invoice,Rent Receivables,IC0039884,GL0039738,2022-05-31,2022-06-08,,,42800.00,0
256485,ATT-LT000001,LEYLAM,Invoice,Rent Receivables,IC0039882,GL0039736,2022-05-31,2022-06-08,,,42800.00,0
256584,ATT-LT000009,ALTURAS BREAD COTTAGE,Invoice,Rent Receivables,IC0039902,GL0039759,2022-05-31,2022-06-08,,,28890.00,0
256557,ATT-LT000002,MASTER SIOMAI,Invoice,Rent Receivables,IC0039895,GL0039752,2022-05-31,2022-06-08,,,26750.00,0
256502,ATT-LT000003,POTATO CORNER,Invoice,Rent Receivables,IC0039886,GL0039740,2022-05-31,2022-06-08,,,26750.00,0
256582,ATT-LT000008,MFI-MARCELA CHICKEN,Invoice,A/R  Non Trade External,IC0039901,GL0039758,2022-05-31,2022-06-08,,,25416.00,0
256542,ATT-LT000029,SAVE N EARN WIRELESS,Invoice,Rent Receivables,IC0039891,GL0039747,2022-05-31,2022-06-08,,,21400.00,0
256550,ATT-LT000005,Thirsty Fruit Juices and Drinks,Invoice,Rent Receivables,IC0039893,GL0039750,2022-05-31,2022-06-08,,,21400.00,0
256572,ATT-LT000006,TURKS,Invoice,Rent Receivables,IC0039897,GL0039754,2022-05-31,2022-06-08,,,21400.00,0
256525,ATT-LT000007,ZAGU,Invoice,Rent Receivables,IC0039889,GL0039743,2022-05-31,2022-06-08,,,21400.00,0
256498,ATT-LT000004,GOLDILOCKS,Invoice,A/R  Non Trade External,IC0039885,GL0039739,2022-05-31,2022-06-08,,,19527.60,0
256578,ATT-LT000008,MFI-MARCELA CHICKEN,Invoice,Rent Receivables,IC0039900,GL0039757,2022-05-31,2022-06-08,,,19260.00,0
256489,ATT-LT000001,LEYLAM,Invoice,A/R  Non Trade External,IC0039883,GL0039737,2022-05-31,2022-06-08,,,11170.55,0
256506,ATT-LT000003,POTATO CORNER,Invoice,A/R  Non Trade External,IC0039887,GL0039741,2022-05-31,2022-06-08,,,9178.00,0
256576,ATT-LT000006,TURKS,Invoice,A/R  Non Trade External,IC0039898,GL0039755,2022-05-31,2022-06-08,,,8767.80,0
256561,ATT-LT000002,MASTER SIOMAI,Invoice,A/R  Non Trade External,IC0039896,GL0039753,2022-05-31,2022-06-08,,,6816.00,0
256535,ATT-LT000007,ZAGU,Invoice,A/R  Non Trade External,IC0039890,GL0039744,2022-05-31,2022-06-08,,,3577.20,0
256497,ATT-LT000004,GOLDILOCKS,Invoice,Creditable WHT Receivable,IC0039884,GL0039738,2022-05-31,2022-06-08,,,2000.00,0
256488,ATT-LT000001,LEYLAM,Invoice,Creditable WHT Receivable,IC0039882,GL0039736,2022-05-31,2022-06-08,,,2000.00,0
256587,ATT-LT000009,ALTURAS BREAD COTTAGE,Invoice,Creditable WHT Receivable,IC0039902,GL0039759,2022-05-31,2022-06-08,,,1350.00,0
256560,ATT-LT000002,MASTER SIOMAI,Invoice,Creditable WHT Receivable,IC0039895,GL0039752,2022-05-31,2022-06-08,,,1250.00,0
256505,ATT-LT000003,POTATO CORNER,Invoice,Creditable WHT Receivable,IC0039886,GL0039740,2022-05-31,2022-06-08,,,1250.00,0
256554,ATT-LT000005,Thirsty Fruit Juices and Drinks,Invoice,A/R  Non Trade External,IC0039894,GL0039751,2022-05-31,2022-06-08,,,1034.80,0
256545,ATT-LT000029,SAVE N EARN WIRELESS,Invoice,Creditable WHT Receivable,IC0039891,GL0039747,2022-05-31,2022-06-08,,,1000.00,0
256553,ATT-LT000005,Thirsty Fruit Juices and Drinks,Invoice,Creditable WHT Receivable,IC0039893,GL0039750,2022-05-31,2022-06-08,,,1000.00,0
256575,ATT-LT000006,TURKS,Invoice,Creditable WHT Receivable,IC0039897,GL0039754,2022-05-31,2022-06-08,,,1000.00,0
256528,ATT-LT000007,ZAGU,Invoice,Creditable WHT Receivable,IC0039889,GL0039743,2022-05-31,2022-06-08,,,1000.00,0
256581,ATT-LT000008,MFI-MARCELA CHICKEN,Invoice,Creditable WHT Receivable,IC0039900,GL0039757,2022-05-31,2022-06-08,,,900.00,0
256501,ATT-LT000004,GOLDILOCKS,Invoice,Creditable WHT Receivable-Expanded,IC0039885,GL0039739,2022-05-31,2022-06-08,,,392.40,0
256493,ATT-LT000001,LEYLAM,Invoice,Creditable WHT Receivable-Expanded,IC0039883,GL0039737,2022-05-31,2022-06-08,,,221.85,0
256546,ATT-LT000029,SAVE N EARN WIRELESS,Invoice,A/R  Non Trade External,IC0039892,GL0039748,2022-05-31,2022-06-08,,,72.00,0
256508,ATT-LT000003,POTATO CORNER,Invoice,MI-Water,IC0039887,GL0039741,2022-05-31,2022-06-08,,,0,-16.00
256556,ATT-LT000005,Thirsty Fruit Juices and Drinks,Invoice,MI-Water,IC0039894,GL0039751,2022-05-31,2022-06-08,,,0,-16.00
256563,ATT-LT000002,MASTER SIOMAI,Invoice,MI-Water,IC0039896,GL0039753,2022-05-31,2022-06-08,,,0,-48.00
256547,ATT-LT000029,SAVE N EARN WIRELESS,Invoice,MI-Light and Power,IC0039892,GL0039748,2022-05-31,2022-06-08,,,0,-72.00
256770,ATT-LT000009,ALTURAS BREAD COTTAGE,Invoice,MI-Water,IC0039919,GL0039779,2022-05-31,2022-06-08,,,0,-88.20
256491,ATT-LT000001,LEYLAM,Invoice,MI-Water,IC0039883,GL0039737,2022-05-31,2022-06-08,,,0,-94.40
256537,ATT-LT000007,ZAGU,Invoice,MI-Water,IC0039890,GL0039744,2022-05-31,2022-06-08,,,0,-139.20
256500,ATT-LT000004,GOLDILOCKS,Invoice,MI-Charges,IC0039885,GL0039739,2022-05-31,2022-06-08,,,0,-300.00
256492,ATT-LT000001,LEYLAM,Invoice,MI-Charges,IC0039883,GL0039737,2022-05-31,2022-06-08,,,0,-300.00
256555,ATT-LT000005,Thirsty Fruit Juices and Drinks,Invoice,MI-Light and Power,IC0039894,GL0039751,2022-05-31,2022-06-08,,,0,-1018.80
256580,ATT-LT000008,MFI-MARCELA CHICKEN,Invoice,VAT Output,IC0039900,GL0039757,2022-05-31,2022-06-08,,,0,-2160.00
256544,ATT-LT000029,SAVE N EARN WIRELESS,Invoice,VAT Output,IC0039891,GL0039747,2022-05-31,2022-06-08,,,0,-2400.00
256552,ATT-LT000005,Thirsty Fruit Juices and Drinks,Invoice,VAT Output,IC0039893,GL0039750,2022-05-31,2022-06-08,,,0,-2400.00
256574,ATT-LT000006,TURKS,Invoice,VAT Output,IC0039897,GL0039754,2022-05-31,2022-06-08,,,0,-2400.00
256527,ATT-LT000007,ZAGU,Invoice,VAT Output,IC0039889,GL0039743,2022-05-31,2022-06-08,,,0,-2400.00
256559,ATT-LT000002,MASTER SIOMAI,Invoice,VAT Output,IC0039895,GL0039752,2022-05-31,2022-06-08,,,0,-3000.00
256504,ATT-LT000003,POTATO CORNER,Invoice,VAT Output,IC0039886,GL0039740,2022-05-31,2022-06-08,,,0,-3000.00
256586,ATT-LT000009,ALTURAS BREAD COTTAGE,Invoice,VAT Output,IC0039902,GL0039759,2022-05-31,2022-06-08,,,0,-3240.00
256536,ATT-LT000007,ZAGU,Invoice,MI-Light and Power,IC0039890,GL0039744,2022-05-31,2022-06-08,,,0,-3438.00
256496,ATT-LT000004,GOLDILOCKS,Invoice,VAT Output,IC0039884,GL0039738,2022-05-31,2022-06-08,,,0,-4800.00
256487,ATT-LT000001,LEYLAM,Invoice,VAT Output,IC0039882,GL0039736,2022-05-31,2022-06-08,,,0,-4800.00
256562,ATT-LT000002,MASTER SIOMAI,Invoice,MI-Light and Power,IC0039896,GL0039753,2022-05-31,2022-06-08,,,0,-6768.00
256577,ATT-LT000006,TURKS,Invoice,MI-Light and Power,IC0039898,GL0039755,2022-05-31,2022-06-08,,,0,-8767.80
256507,ATT-LT000003,POTATO CORNER,Invoice,MI-Light and Power,IC0039887,GL0039741,2022-05-31,2022-06-08,,,0,-9162.00
256490,ATT-LT000001,LEYLAM,Invoice,MI-Light and Power,IC0039883,GL0039737,2022-05-31,2022-06-08,,,0,-10998.00
256579,ATT-LT000008,MFI-MARCELA CHICKEN,Invoice,Rent Income,IC0039900,GL0039757,2022-05-31,2022-06-08,,,0,-18000.00
256499,ATT-LT000004,GOLDILOCKS,Invoice,MI-Light and Power,IC0039885,GL0039739,2022-05-31,2022-06-08,,,0,-19620.00
256543,ATT-LT000029,SAVE N EARN WIRELESS,Invoice,Rent Income,IC0039891,GL0039747,2022-05-31,2022-06-08,,,0,-20000.00
256551,ATT-LT000005,Thirsty Fruit Juices and Drinks,Invoice,Rent Income,IC0039893,GL0039750,2022-05-31,2022-06-08,,,0,-20000.00
256573,ATT-LT000006,TURKS,Invoice,Rent Income,IC0039897,GL0039754,2022-05-31,2022-06-08,,,0,-20000.00
256526,ATT-LT000007,ZAGU,Invoice,Rent Income,IC0039889,GL0039743,2022-05-31,2022-06-08,,,0,-20000.00
256558,ATT-LT000002,MASTER SIOMAI,Invoice,Rent Income,IC0039895,GL0039752,2022-05-31,2022-06-08,,,0,-25000.00
256503,ATT-LT000003,POTATO CORNER,Invoice,Rent Income,IC0039886,GL0039740,2022-05-31,2022-06-08,,,0,-25000.00
256583,ATT-LT000008,MFI-MARCELA CHICKEN,Invoice,MI-Light and Power,IC0039901,GL0039758,2022-05-31,2022-06-08,,,0,-25416.00
256585,ATT-LT000009,ALTURAS BREAD COTTAGE,Invoice,Rent Income,IC0039902,GL0039759,2022-05-31,2022-06-08,,,0,-27000.00
256495,ATT-LT000004,GOLDILOCKS,Invoice,Rent Income,IC0039884,GL0039738,2022-05-31,2022-06-08,,,0,-40000.00
256486,ATT-LT000001,LEYLAM,Invoice,Rent Income,IC0039882,GL0039736,2022-05-31,2022-06-08,,,0,-40000.00
256767,ATT-LT000009,ALTURAS BREAD COTTAGE,Invoice,MI-Charges,IC0039919,GL0039779,2022-05-31,2022-06-08,,,0,-97524.00
